category_name,category_url
Amazonデバイス・アクセサリ,https://www.amazon.co.jp/gp/bestsellers/amazon-devices/ref=zg_bs_nav_0
Amazonパントリー,https://www.amazon.co.jp/gp/bestsellers/pantry/ref=zg_bs_nav_0
Audible オーディオブック,https://www.amazon.co.jp/gp/bestsellers/audible/ref=zg_bs_nav_0
DIY・工具・ガーデン,https://www.amazon.co.jp/gp/bestsellers/diy/ref=zg_bs_nav_0
DVD,https://www.amazon.co.jp/gp/bestsellers/dvd/ref=zg_bs_nav_0
Kindleストア,https://www.amazon.co.jp/gp/bestsellers/digital-text/ref=zg_bs_nav_0
PCソフト,https://www.amazon.co.jp/gp/bestsellers/software/ref=zg_bs_nav_0
Prime Video,https://www.amazon.co.jp/gp/bestsellers/instant-video/ref=zg_bs_nav_0
おもちゃ,https://www.amazon.co.jp/gp/bestsellers/toys/ref=zg_bs_nav_0
アプリ＆ゲーム,https://www.amazon.co.jp/gp/bestsellers/mobile-apps/ref=zg_bs_nav_0
ギフト券,https://www.amazon.co.jp/gp/bestsellers/gift-cards/ref=zg_bs_nav_0
ゲーム,https://www.amazon.co.jp/gp/bestsellers/videogames/ref=zg_bs_nav_0
シューズ＆バッグ,https://www.amazon.co.jp/gp/bestsellers/shoes/ref=zg_bs_nav_0
ジュエリー,https://www.amazon.co.jp/gp/bestsellers/jewelry/ref=zg_bs_nav_0
スポーツ＆アウトドア,https://www.amazon.co.jp/gp/bestsellers/sports/ref=zg_bs_nav_0
デジタルミュージック,https://www.amazon.co.jp/gp/bestsellers/dmusic/ref=zg_bs_nav_0
ドラッグストア,https://www.amazon.co.jp/gp/bestsellers/hpc/ref=zg_bs_nav_0
パソコン・周辺機器,https://www.amazon.co.jp/gp/bestsellers/computers/ref=zg_bs_nav_0
ビューティー,https://www.amazon.co.jp/gp/bestsellers/beauty/ref=zg_bs_nav_0
ファッション,https://www.amazon.co.jp/gp/bestsellers/fashion/ref=zg_bs_nav_0
ベビー＆マタニティ,https://www.amazon.co.jp/gp/bestsellers/baby/ref=zg_bs_nav_0
ペット用品,https://www.amazon.co.jp/gp/bestsellers/pet-supplies/ref=zg_bs_nav_0
ホビー,https://www.amazon.co.jp/gp/bestsellers/hobby/ref=zg_bs_nav_0
ホーム＆キッチン,https://www.amazon.co.jp/gp/bestsellers/kitchen/ref=zg_bs_nav_0
ミュージック,https://www.amazon.co.jp/gp/bestsellers/music/ref=zg_bs_nav_0
大型家電,https://www.amazon.co.jp/gp/bestsellers/appliances/ref=zg_bs_nav_0
家電＆カメラ,https://www.amazon.co.jp/gp/bestsellers/electronics/ref=zg_bs_nav_0
文房具・オフィス用品,https://www.amazon.co.jp/gp/bestsellers/office-products/ref=zg_bs_nav_0
服＆ファッション小物,https://www.amazon.co.jp/gp/bestsellers/apparel/ref=zg_bs_nav_0
本,https://www.amazon.co.jp/gp/bestsellers/books/ref=zg_bs_nav_0
楽器・音響機器,https://www.amazon.co.jp/gp/bestsellers/musical-instruments/ref=zg_bs_nav_0
洋書,https://www.amazon.co.jp/gp/bestsellers/english-books/ref=zg_bs_nav_0
産業・研究開発用品,https://www.amazon.co.jp/gp/bestsellers/industrial/ref=zg_bs_nav_0
腕時計,https://www.amazon.co.jp/gp/bestsellers/watch/ref=zg_bs_nav_0
車＆バイク,https://www.amazon.co.jp/gp/bestsellers/automotive/ref=zg_bs_nav_0
食品・飲料・お酒,https://www.amazon.co.jp/gp/bestsellers/food-beverage/ref=zg_bs_nav_0
